/*
Navicat MySQL Data Transfer

Source Server         : localhost
Source Server Version : 50505
Source Host           : 127.0.0.1:3306
Source Database       : ci_adminlte_v3

Target Server Type    : MYSQL
Target Server Version : 50505
File Encoding         : 65001

Date: 2020-11-03 22:39:20
*/

SET FOREIGN_KEY_CHECKS=0;

-- ----------------------------
-- Table structure for category
-- ----------------------------
DROP TABLE IF EXISTS `category`;
CREATE TABLE `category` (
  `category_id` tinyint(3) unsigned NOT NULL AUTO_INCREMENT,
  `name` varchar(25) NOT NULL,
  PRIMARY KEY (`category_id`)
) ENGINE=MyISAM AUTO_INCREMENT=17 DEFAULT CHARSET=utf8;

-- ----------------------------
-- Records of category
-- ----------------------------

-- ----------------------------
-- Table structure for ci_sessions
-- ----------------------------
DROP TABLE IF EXISTS `ci_sessions`;
CREATE TABLE `ci_sessions` (
  `id` varchar(128) NOT NULL,
  `ip_address` varchar(45) NOT NULL,
  `timestamp` int(10) unsigned NOT NULL DEFAULT 0,
  `data` blob NOT NULL,
  KEY `ci_sessions_timestamp` (`timestamp`) USING BTREE
) ENGINE=InnoDB DEFAULT CHARSET=latin1;

-- ----------------------------
-- Records of ci_sessions
-- ----------------------------
INSERT INTO `ci_sessions` VALUES ('bdbne1fqcfgc75bashim10pa1vtoiipv', '::1', '1602659954', 0x5F5F63695F6C6173745F726567656E65726174657C693A313630323635393935343B6964656E746974797C733A31353A2261646D696E4061646D696E2E636F6D223B656D61696C7C733A31353A2261646D696E4061646D696E2E636F6D223B757365725F69647C733A313A2231223B6F6C645F6C6173745F6C6F67696E7C733A31303A2231363032363439383633223B6C6173745F636865636B7C693A313630323635393633323B);
INSERT INTO `ci_sessions` VALUES ('7tn3m5kils13kfj1ekuddfghpu1o3t94', '::1', '1602663261', 0x5F5F63695F6C6173745F726567656E65726174657C693A313630323636333236313B6964656E746974797C733A31353A2261646D696E4061646D696E2E636F6D223B656D61696C7C733A31353A2261646D696E4061646D696E2E636F6D223B757365725F69647C733A313A2231223B6F6C645F6C6173745F6C6F67696E7C733A31303A2231363032363439383633223B6C6173745F636865636B7C693A313630323635393633323B);
INSERT INTO `ci_sessions` VALUES ('r798t2gtjlpqfmde431p40srpfugb1og', '::1', '1602663948', 0x5F5F63695F6C6173745F726567656E65726174657C693A313630323636333934383B6964656E746974797C733A31353A2261646D696E4061646D696E2E636F6D223B656D61696C7C733A31353A2261646D696E4061646D696E2E636F6D223B757365725F69647C733A313A2231223B6F6C645F6C6173745F6C6F67696E7C733A31303A2231363032363439383633223B6C6173745F636865636B7C693A313630323635393633323B);
INSERT INTO `ci_sessions` VALUES ('nmfmmgg8239pda2o6b21l97uodag0200', '::1', '1602666523', 0x5F5F63695F6C6173745F726567656E65726174657C693A313630323636363532333B6964656E746974797C733A31353A2261646D696E4061646D696E2E636F6D223B656D61696C7C733A31353A2261646D696E4061646D696E2E636F6D223B757365725F69647C733A313A2231223B6F6C645F6C6173745F6C6F67696E7C733A31303A2231363032363439383633223B6C6173745F636865636B7C693A313630323635393633323B);
INSERT INTO `ci_sessions` VALUES ('a0prkuke61jfsl81fkjpd9e1i5iv0cdn', '::1', '1602666827', 0x5F5F63695F6C6173745F726567656E65726174657C693A313630323636363832373B6964656E746974797C733A31353A2261646D696E4061646D696E2E636F6D223B656D61696C7C733A31353A2261646D696E4061646D696E2E636F6D223B757365725F69647C733A313A2231223B6F6C645F6C6173745F6C6F67696E7C733A31303A2231363032363439383633223B6C6173745F636865636B7C693A313630323635393633323B);
INSERT INTO `ci_sessions` VALUES ('utcjk4pk348kleo36p4f5mbfd8a104n2', '::1', '1602667151', 0x5F5F63695F6C6173745F726567656E65726174657C693A313630323636373135313B6964656E746974797C733A31353A2261646D696E4061646D696E2E636F6D223B656D61696C7C733A31353A2261646D696E4061646D696E2E636F6D223B757365725F69647C733A313A2231223B6F6C645F6C6173745F6C6F67696E7C733A31303A2231363032363439383633223B6C6173745F636865636B7C693A313630323635393633323B);
INSERT INTO `ci_sessions` VALUES ('4lgdatrqjbglvsjo5cdokcls3ao3mpff', '::1', '1602666837', 0x5F5F63695F6C6173745F726567656E65726174657C693A313630323636363833373B);
INSERT INTO `ci_sessions` VALUES ('4a59pkckgq3havkcfebnkrlr3dhi6l7o', '::1', '1602667014', 0x5F5F63695F6C6173745F726567656E65726174657C693A313630323636373031343B);
INSERT INTO `ci_sessions` VALUES ('rmu11e95l8g4tca2394e8mhkc0lkpass', '::1', '1602667454', 0x5F5F63695F6C6173745F726567656E65726174657C693A313630323636373435343B6964656E746974797C733A31353A2261646D696E4061646D696E2E636F6D223B656D61696C7C733A31353A2261646D696E4061646D696E2E636F6D223B757365725F69647C733A313A2231223B6F6C645F6C6173745F6C6F67696E7C733A31303A2231363032363439383633223B6C6173745F636865636B7C693A313630323635393633323B);
INSERT INTO `ci_sessions` VALUES ('s1nh3kbjpvkvk2lgv9ok99n900kvtmah', '::1', '1602667756', 0x5F5F63695F6C6173745F726567656E65726174657C693A313630323636373735363B6964656E746974797C733A31353A2261646D696E4061646D696E2E636F6D223B656D61696C7C733A31353A2261646D696E4061646D696E2E636F6D223B757365725F69647C733A313A2231223B6F6C645F6C6173745F6C6F67696E7C733A31303A2231363032363439383633223B6C6173745F636865636B7C693A313630323635393633323B);
INSERT INTO `ci_sessions` VALUES ('cm0ctb18iti9aek8hj5dpejvpvgn05iu', '::1', '1602670072', 0x5F5F63695F6C6173745F726567656E65726174657C693A313630323637303037323B6964656E746974797C733A31353A2261646D696E4061646D696E2E636F6D223B656D61696C7C733A31353A2261646D696E4061646D696E2E636F6D223B757365725F69647C733A313A2231223B6F6C645F6C6173745F6C6F67696E7C733A31303A2231363032363439383633223B6C6173745F636865636B7C693A313630323635393633323B);
INSERT INTO `ci_sessions` VALUES ('lft8pea9c4stafk4apagt80stud045a1', '::1', '1602670452', 0x5F5F63695F6C6173745F726567656E65726174657C693A313630323637303435323B6964656E746974797C733A31353A2261646D696E4061646D696E2E636F6D223B656D61696C7C733A31353A2261646D696E4061646D696E2E636F6D223B757365725F69647C733A313A2231223B6F6C645F6C6173745F6C6F67696E7C733A31303A2231363032363439383633223B6C6173745F636865636B7C693A313630323635393633323B);
INSERT INTO `ci_sessions` VALUES ('h9l27qfrhdfao3iui625ucl1202ng67e', '::1', '1602670772', 0x5F5F63695F6C6173745F726567656E65726174657C693A313630323637303737323B6964656E746974797C733A31353A2261646D696E4061646D696E2E636F6D223B656D61696C7C733A31353A2261646D696E4061646D696E2E636F6D223B757365725F69647C733A313A2231223B6F6C645F6C6173745F6C6F67696E7C733A31303A2231363032363439383633223B6C6173745F636865636B7C693A313630323635393633323B);
INSERT INTO `ci_sessions` VALUES ('7fq3qp6eaneiloi5o1gd9ttueh5bstpj', '::1', '1602671076', 0x5F5F63695F6C6173745F726567656E65726174657C693A313630323637313037363B6964656E746974797C733A31353A2261646D696E4061646D696E2E636F6D223B656D61696C7C733A31353A2261646D696E4061646D696E2E636F6D223B757365725F69647C733A313A2231223B6F6C645F6C6173745F6C6F67696E7C733A31303A2231363032363439383633223B6C6173745F636865636B7C693A313630323635393633323B6572726F727C733A33313A22596F7520646F206E6F7420686176652076696577207065726D697373696F6E223B5F5F63695F766172737C613A313A7B733A353A226572726F72223B733A333A226F6C64223B7D);
INSERT INTO `ci_sessions` VALUES ('g6s8d48f7ovdfi0gt1ed4vhsb4cu18p2', '::1', '1602671836', 0x5F5F63695F6C6173745F726567656E65726174657C693A313630323637313833363B6964656E746974797C733A31353A2261646D696E4061646D696E2E636F6D223B656D61696C7C733A31353A2261646D696E4061646D696E2E636F6D223B757365725F69647C733A313A2231223B6F6C645F6C6173745F6C6F67696E7C733A31303A2231363032363439383633223B6C6173745F636865636B7C693A313630323635393633323B6572726F727C733A33333A22596F7520646F206E6F7420686176652064656C657465207065726D697373696F6E223B5F5F63695F766172737C613A313A7B733A353A226572726F72223B733A333A226E6577223B7D);
INSERT INTO `ci_sessions` VALUES ('0f2vuqoc9gv3o5g5fu9j2m1sblnrmrfh', '::1', '1602672591', 0x5F5F63695F6C6173745F726567656E65726174657C693A313630323637323539313B6964656E746974797C733A31353A2261646D696E4061646D696E2E636F6D223B656D61696C7C733A31353A2261646D696E4061646D696E2E636F6D223B757365725F69647C733A313A2231223B6F6C645F6C6173745F6C6F67696E7C733A31303A2231363032363439383633223B6C6173745F636865636B7C693A313630323635393633323B);
INSERT INTO `ci_sessions` VALUES ('sc8altsjl5lirlrn1l9ge8fis5ton1d3', '::1', '1602672917', 0x5F5F63695F6C6173745F726567656E65726174657C693A313630323637323931373B6964656E746974797C733A31353A2261646D696E4061646D696E2E636F6D223B656D61696C7C733A31353A2261646D696E4061646D696E2E636F6D223B757365725F69647C733A313A2231223B6F6C645F6C6173745F6C6F67696E7C733A31303A2231363032363439383633223B6C6173745F636865636B7C693A313630323635393633323B);
INSERT INTO `ci_sessions` VALUES ('f5fhm4schp3vhp2870pk4nb976bpoasr', '::1', '1602672962', 0x5F5F63695F6C6173745F726567656E65726174657C693A313630323637323931373B6964656E746974797C733A31353A2261646D696E4061646D696E2E636F6D223B656D61696C7C733A31353A2261646D696E4061646D696E2E636F6D223B757365725F69647C733A313A2231223B6F6C645F6C6173745F6C6F67696E7C733A31303A2231363032363439383633223B6C6173745F636865636B7C693A313630323635393633323B);
INSERT INTO `ci_sessions` VALUES ('tfq8n47uovg62hrh56at5emqcbr2ql3m', '::1', '1602691600', 0x5F5F63695F6C6173745F726567656E65726174657C693A313630323639313630303B6964656E746974797C733A31353A2261646D696E4061646D696E2E636F6D223B656D61696C7C733A31353A2261646D696E4061646D696E2E636F6D223B757365725F69647C733A313A2231223B6F6C645F6C6173745F6C6F67696E7C733A31303A2231363032363539363332223B6C6173745F636865636B7C693A313630323639313630303B);
INSERT INTO `ci_sessions` VALUES ('8l3hdcsu471ggeden92bgjm6hg7m5an7', '::1', '1602691927', 0x5F5F63695F6C6173745F726567656E65726174657C693A313630323639313932373B6964656E746974797C733A31353A2261646D696E4061646D696E2E636F6D223B656D61696C7C733A31353A2261646D696E4061646D696E2E636F6D223B757365725F69647C733A313A2231223B6F6C645F6C6173745F6C6F67696E7C733A31303A2231363032363539363332223B6C6173745F636865636B7C693A313630323639313630303B6D6573736167657C733A32393A223C703E4C6F6767656420496E205375636365737366756C6C793C2F703E223B5F5F63695F766172737C613A313A7B733A373A226D657373616765223B733A333A226F6C64223B7D);
INSERT INTO `ci_sessions` VALUES ('ljabhfn8go8csee9o144lt548alnra73', '::1', '1602692339', 0x5F5F63695F6C6173745F726567656E65726174657C693A313630323639323333393B6964656E746974797C733A31353A2261646D696E4061646D696E2E636F6D223B656D61696C7C733A31353A2261646D696E4061646D696E2E636F6D223B757365725F69647C733A313A2231223B6F6C645F6C6173745F6C6F67696E7C733A31303A2231363032363539363332223B6C6173745F636865636B7C693A313630323639313630303B);
INSERT INTO `ci_sessions` VALUES ('5sti50b494166ej0kctq42tm0l45kroh', '::1', '1602692788', 0x5F5F63695F6C6173745F726567656E65726174657C693A313630323639323738383B6964656E746974797C733A31353A2261646D696E4061646D696E2E636F6D223B656D61696C7C733A31353A2261646D696E4061646D696E2E636F6D223B757365725F69647C733A313A2231223B6F6C645F6C6173745F6C6F67696E7C733A31303A2231363032363539363332223B6C6173745F636865636B7C693A313630323639313630303B);
INSERT INTO `ci_sessions` VALUES ('j8kf058j3skdh0oa112sch3feqgmh5lg', '::1', '1602693218', 0x5F5F63695F6C6173745F726567656E65726174657C693A313630323639333231383B6964656E746974797C733A31353A2261646D696E4061646D696E2E636F6D223B656D61696C7C733A31353A2261646D696E4061646D696E2E636F6D223B757365725F69647C733A313A2231223B6F6C645F6C6173745F6C6F67696E7C733A31303A2231363032363539363332223B6C6173745F636865636B7C693A313630323639313630303B);
INSERT INTO `ci_sessions` VALUES ('hdes5r9clfjmk25r5e1jghv9sb53928b', '::1', '1602693559', 0x5F5F63695F6C6173745F726567656E65726174657C693A313630323639333535393B6964656E746974797C733A31353A2261646D696E4061646D696E2E636F6D223B656D61696C7C733A31353A2261646D696E4061646D696E2E636F6D223B757365725F69647C733A313A2231223B6F6C645F6C6173745F6C6F67696E7C733A31303A2231363032363539363332223B6C6173745F636865636B7C693A313630323639313630303B);
INSERT INTO `ci_sessions` VALUES ('agq7kls935u7jdj8g10hr2vm6dtg0th1', '::1', '1602694031', 0x5F5F63695F6C6173745F726567656E65726174657C693A313630323639343033313B6964656E746974797C733A31353A2261646D696E4061646D696E2E636F6D223B656D61696C7C733A31353A2261646D696E4061646D696E2E636F6D223B757365725F69647C733A313A2231223B6F6C645F6C6173745F6C6F67696E7C733A31303A2231363032363539363332223B6C6173745F636865636B7C693A313630323639313630303B);
INSERT INTO `ci_sessions` VALUES ('5ptjq9mkkt8ckahijcs7dcj4c3l2kedb', '::1', '1602694345', 0x5F5F63695F6C6173745F726567656E65726174657C693A313630323639343334353B6964656E746974797C733A31353A2261646D696E4061646D696E2E636F6D223B656D61696C7C733A31353A2261646D696E4061646D696E2E636F6D223B757365725F69647C733A313A2231223B6F6C645F6C6173745F6C6F67696E7C733A31303A2231363032363539363332223B6C6173745F636865636B7C693A313630323639313630303B);
INSERT INTO `ci_sessions` VALUES ('kisutf8famfsn51phrtpk4ofvoo6gcu2', '::1', '1602694672', 0x5F5F63695F6C6173745F726567656E65726174657C693A313630323639343637323B6964656E746974797C733A31353A2261646D696E4061646D696E2E636F6D223B656D61696C7C733A31353A2261646D696E4061646D696E2E636F6D223B757365725F69647C733A313A2231223B6F6C645F6C6173745F6C6F67696E7C733A31303A2231363032363539363332223B6C6173745F636865636B7C693A313630323639313630303B);
INSERT INTO `ci_sessions` VALUES ('ktho6h142r236vochiss7fnkkas7f3k9', '::1', '1602695003', 0x5F5F63695F6C6173745F726567656E65726174657C693A313630323639353030333B6964656E746974797C733A31353A2261646D696E4061646D696E2E636F6D223B656D61696C7C733A31353A2261646D696E4061646D696E2E636F6D223B757365725F69647C733A313A2231223B6F6C645F6C6173745F6C6F67696E7C733A31303A2231363032363539363332223B6C6173745F636865636B7C693A313630323639313630303B);
INSERT INTO `ci_sessions` VALUES ('2f2h6lkde1lh00099jtc5v1n3d3p84oo', '::1', '1602695439', 0x5F5F63695F6C6173745F726567656E65726174657C693A313630323639353433393B6964656E746974797C733A31353A2261646D696E4061646D696E2E636F6D223B656D61696C7C733A31353A2261646D696E4061646D696E2E636F6D223B757365725F69647C733A313A2231223B6F6C645F6C6173745F6C6F67696E7C733A31303A2231363032363539363332223B6C6173745F636865636B7C693A313630323639313630303B);
INSERT INTO `ci_sessions` VALUES ('kqv3d83qs8t4bdi4iaaf8mrddaos4qp3', '::1', '1602695769', 0x5F5F63695F6C6173745F726567656E65726174657C693A313630323639353736393B6964656E746974797C733A31353A2261646D696E4061646D696E2E636F6D223B656D61696C7C733A31353A2261646D696E4061646D696E2E636F6D223B757365725F69647C733A313A2231223B6F6C645F6C6173745F6C6F67696E7C733A31303A2231363032363539363332223B6C6173745F636865636B7C693A313630323639313630303B);
INSERT INTO `ci_sessions` VALUES ('m65gtoicp7qq3gjg9o07cb9utjshoa7s', '::1', '1602696159', 0x5F5F63695F6C6173745F726567656E65726174657C693A313630323639363135393B6964656E746974797C733A31353A2261646D696E4061646D696E2E636F6D223B656D61696C7C733A31353A2261646D696E4061646D696E2E636F6D223B757365725F69647C733A313A2231223B6F6C645F6C6173745F6C6F67696E7C733A31303A2231363032363539363332223B6C6173745F636865636B7C693A313630323639313630303B);
INSERT INTO `ci_sessions` VALUES ('rui0sbsqhq817ah6rgpuqbv8c0otoulk', '::1', '1602696604', 0x5F5F63695F6C6173745F726567656E65726174657C693A313630323639363630343B6964656E746974797C733A31353A2261646D696E4061646D696E2E636F6D223B656D61696C7C733A31353A2261646D696E4061646D696E2E636F6D223B757365725F69647C733A313A2231223B6F6C645F6C6173745F6C6F67696E7C733A31303A2231363032363539363332223B6C6173745F636865636B7C693A313630323639313630303B);
INSERT INTO `ci_sessions` VALUES ('uqukf9rdj125q18m9pfob3v3lp8o7681', '::1', '1602696913', 0x5F5F63695F6C6173745F726567656E65726174657C693A313630323639363931333B6964656E746974797C733A31353A2261646D696E4061646D696E2E636F6D223B656D61696C7C733A31353A2261646D696E4061646D696E2E636F6D223B757365725F69647C733A313A2231223B6F6C645F6C6173745F6C6F67696E7C733A31303A2231363032363539363332223B6C6173745F636865636B7C693A313630323639313630303B);
INSERT INTO `ci_sessions` VALUES ('slbminnp7jf5qub258g7dcnbrale4qqs', '::1', '1602697220', 0x5F5F63695F6C6173745F726567656E65726174657C693A313630323639373232303B6964656E746974797C733A31353A2261646D696E4061646D696E2E636F6D223B656D61696C7C733A31353A2261646D696E4061646D696E2E636F6D223B757365725F69647C733A313A2231223B6F6C645F6C6173745F6C6F67696E7C733A31303A2231363032363539363332223B6C6173745F636865636B7C693A313630323639313630303B);
INSERT INTO `ci_sessions` VALUES ('pvobne4sf69r2am1f3mlopj6kvhicg3q', '::1', '1602697527', 0x5F5F63695F6C6173745F726567656E65726174657C693A313630323639373532373B6964656E746974797C733A31353A2261646D696E4061646D696E2E636F6D223B656D61696C7C733A31353A2261646D696E4061646D696E2E636F6D223B757365725F69647C733A313A2231223B6F6C645F6C6173745F6C6F67696E7C733A31303A2231363032363539363332223B6C6173745F636865636B7C693A313630323639313630303B);
INSERT INTO `ci_sessions` VALUES ('i9eh77sog0q48flj5in1b2gjtglv1b7h', '::1', '1602697636', 0x5F5F63695F6C6173745F726567656E65726174657C693A313630323639373633363B6964656E746974797C733A31353A2261646D696E4061646D696E2E636F6D223B656D61696C7C733A31353A2261646D696E4061646D696E2E636F6D223B757365725F69647C733A313A2231223B6F6C645F6C6173745F6C6F67696E7C733A31303A2231363032363931363030223B6C6173745F636865636B7C693A313630323639373633353B);
INSERT INTO `ci_sessions` VALUES ('51qkbk9bbi949bq6cqk0an5ulbv5ic8c', '::1', '1602697985', 0x5F5F63695F6C6173745F726567656E65726174657C693A313630323639373938353B6964656E746974797C733A31353A2261646D696E4061646D696E2E636F6D223B656D61696C7C733A31353A2261646D696E4061646D696E2E636F6D223B757365725F69647C733A313A2231223B6F6C645F6C6173745F6C6F67696E7C733A31303A2231363032363931363030223B6C6173745F636865636B7C693A313630323639373633353B);
INSERT INTO `ci_sessions` VALUES ('j3a2rs3bqe13fc94qf8bsod59t16iqgh', '::1', '1602698318', 0x5F5F63695F6C6173745F726567656E65726174657C693A313630323639383331383B6964656E746974797C733A31353A2261646D696E4061646D696E2E636F6D223B656D61696C7C733A31353A2261646D696E4061646D696E2E636F6D223B757365725F69647C733A313A2231223B6F6C645F6C6173745F6C6F67696E7C733A31303A2231363032363931363030223B6C6173745F636865636B7C693A313630323639373633353B);
INSERT INTO `ci_sessions` VALUES ('qdnn3t0g5pev57cgpukgmp844plhg40p', '::1', '1602698923', 0x5F5F63695F6C6173745F726567656E65726174657C693A313630323639383932333B6964656E746974797C733A31353A2261646D696E4061646D696E2E636F6D223B656D61696C7C733A31353A2261646D696E4061646D696E2E636F6D223B757365725F69647C733A313A2231223B6F6C645F6C6173745F6C6F67696E7C733A31303A2231363032363931363030223B6C6173745F636865636B7C693A313630323639373633353B);
INSERT INTO `ci_sessions` VALUES ('93cdlt3r1equs4i2tie7no0e8j9bmcbj', '::1', '1602699236', 0x5F5F63695F6C6173745F726567656E65726174657C693A313630323639393233363B6964656E746974797C733A31353A2261646D696E4061646D696E2E636F6D223B656D61696C7C733A31353A2261646D696E4061646D696E2E636F6D223B757365725F69647C733A313A2231223B6F6C645F6C6173745F6C6F67696E7C733A31303A2231363032363931363030223B6C6173745F636865636B7C693A313630323639373633353B);
INSERT INTO `ci_sessions` VALUES ('c3mmehr00fjefhael9uh9c31hthodrtg', '::1', '1602699718', 0x5F5F63695F6C6173745F726567656E65726174657C693A313630323639393731383B6964656E746974797C733A31353A2261646D696E4061646D696E2E636F6D223B656D61696C7C733A31353A2261646D696E4061646D696E2E636F6D223B757365725F69647C733A313A2231223B6F6C645F6C6173745F6C6F67696E7C733A31303A2231363032363931363030223B6C6173745F636865636B7C693A313630323639373633353B);
INSERT INTO `ci_sessions` VALUES ('rfoa5pc5kp7fvk9crtub1pr665jbmjcf', '::1', '1602700089', 0x5F5F63695F6C6173745F726567656E65726174657C693A313630323730303038393B6964656E746974797C733A31353A2261646D696E4061646D696E2E636F6D223B656D61696C7C733A31353A2261646D696E4061646D696E2E636F6D223B757365725F69647C733A313A2231223B6F6C645F6C6173745F6C6F67696E7C733A31303A2231363032363931363030223B6C6173745F636865636B7C693A313630323639373633353B);
INSERT INTO `ci_sessions` VALUES ('3rmoi4dpbl5udkng923v638ecs0uoaio', '::1', '1602700278', 0x5F5F63695F6C6173745F726567656E65726174657C693A313630323730303038393B6964656E746974797C733A31353A2261646D696E4061646D696E2E636F6D223B656D61696C7C733A31353A2261646D696E4061646D696E2E636F6D223B757365725F69647C733A313A2231223B6F6C645F6C6173745F6C6F67696E7C733A31303A2231363032363931363030223B6C6173745F636865636B7C693A313630323639373633353B);
INSERT INTO `ci_sessions` VALUES ('kkd8il588tfdu2imlvo2h85o1fdb2e8b', '::1', '1602768913', 0x5F5F63695F6C6173745F726567656E65726174657C693A313630323736383931333B6964656E746974797C733A31353A2261646D696E4061646D696E2E636F6D223B656D61696C7C733A31353A2261646D696E4061646D696E2E636F6D223B757365725F69647C733A313A2231223B6F6C645F6C6173745F6C6F67696E7C733A31303A2231363032363937363336223B6C6173745F636865636B7C693A313630323736383931333B);
INSERT INTO `ci_sessions` VALUES ('5lvgmo7smd16oq45jmrljd5sf7m5ne89', '::1', '1602769226', 0x5F5F63695F6C6173745F726567656E65726174657C693A313630323736393232363B6964656E746974797C733A31353A2261646D696E4061646D696E2E636F6D223B656D61696C7C733A31353A2261646D696E4061646D696E2E636F6D223B757365725F69647C733A313A2231223B6F6C645F6C6173745F6C6F67696E7C733A31303A2231363032363937363336223B6C6173745F636865636B7C693A313630323736383931333B);
INSERT INTO `ci_sessions` VALUES ('90g3uua0fnh76fe7lpgu4nitcn299cak', '::1', '1602769746', 0x5F5F63695F6C6173745F726567656E65726174657C693A313630323736393734363B6964656E746974797C733A31353A2261646D696E4061646D696E2E636F6D223B656D61696C7C733A31353A2261646D696E4061646D696E2E636F6D223B757365725F69647C733A313A2231223B6F6C645F6C6173745F6C6F67696E7C733A31303A2231363032363937363336223B6C6173745F636865636B7C693A313630323736383931333B);
INSERT INTO `ci_sessions` VALUES ('m17dghtj03h5oienp05seir3576866u2', '::1', '1602770131', 0x5F5F63695F6C6173745F726567656E65726174657C693A313630323737303133313B6964656E746974797C733A31353A2261646D696E4061646D696E2E636F6D223B656D61696C7C733A31353A2261646D696E4061646D696E2E636F6D223B757365725F69647C733A313A2231223B6F6C645F6C6173745F6C6F67696E7C733A31303A2231363032363937363336223B6C6173745F636865636B7C693A313630323736383931333B);
INSERT INTO `ci_sessions` VALUES ('esud2ijtgl5pm76bq2s8ufo1bb3pt9v0', '::1', '1602770438', 0x5F5F63695F6C6173745F726567656E65726174657C693A313630323737303433383B6964656E746974797C733A31353A2261646D696E4061646D696E2E636F6D223B656D61696C7C733A31353A2261646D696E4061646D696E2E636F6D223B757365725F69647C733A313A2231223B6F6C645F6C6173745F6C6F67696E7C733A31303A2231363032363937363336223B6C6173745F636865636B7C693A313630323736383931333B);
INSERT INTO `ci_sessions` VALUES ('p9i0l0hsjopru5bilce5bbja9fcga2dn', '::1', '1602770778', 0x5F5F63695F6C6173745F726567656E65726174657C693A313630323737303737383B6964656E746974797C733A31353A2261646D696E4061646D696E2E636F6D223B656D61696C7C733A31353A2261646D696E4061646D696E2E636F6D223B757365725F69647C733A313A2231223B6F6C645F6C6173745F6C6F67696E7C733A31303A2231363032363937363336223B6C6173745F636865636B7C693A313630323736383931333B);
INSERT INTO `ci_sessions` VALUES ('8jd8v3l2qtoqr94rdt6u5kt8u54p4i4b', '::1', '1602771242', 0x5F5F63695F6C6173745F726567656E65726174657C693A313630323737313234323B6964656E746974797C733A31353A2261646D696E4061646D696E2E636F6D223B656D61696C7C733A31353A2261646D696E4061646D696E2E636F6D223B757365725F69647C733A313A2231223B6F6C645F6C6173745F6C6F67696E7C733A31303A2231363032363937363336223B6C6173745F636865636B7C693A313630323736383931333B);
INSERT INTO `ci_sessions` VALUES ('tpo51hn7h7t13f5eq354q7n358dt50uq', '::1', '1602773808', 0x5F5F63695F6C6173745F726567656E65726174657C693A313630323737333830383B6964656E746974797C733A31353A2261646D696E4061646D696E2E636F6D223B656D61696C7C733A31353A2261646D696E4061646D696E2E636F6D223B757365725F69647C733A313A2231223B6F6C645F6C6173745F6C6F67696E7C733A31303A2231363032363937363336223B6C6173745F636865636B7C693A313630323736383931333B);
INSERT INTO `ci_sessions` VALUES ('qmmkesagd9hr9qanjg6a6lnvajifutsf', '::1', '1602774409', 0x5F5F63695F6C6173745F726567656E65726174657C693A313630323737343430393B6964656E746974797C733A31353A2261646D696E4061646D696E2E636F6D223B656D61696C7C733A31353A2261646D696E4061646D696E2E636F6D223B757365725F69647C733A313A2231223B6F6C645F6C6173745F6C6F67696E7C733A31303A2231363032363937363336223B6C6173745F636865636B7C693A313630323736383931333B);
INSERT INTO `ci_sessions` VALUES ('l4mgbr8eu17ctargom9gb6j3qacognl5', '::1', '1602776989', 0x5F5F63695F6C6173745F726567656E65726174657C693A313630323737363938393B6964656E746974797C733A31353A2261646D696E4061646D696E2E636F6D223B656D61696C7C733A31353A2261646D696E4061646D696E2E636F6D223B757365725F69647C733A313A2231223B6F6C645F6C6173745F6C6F67696E7C733A31303A2231363032363937363336223B6C6173745F636865636B7C693A313630323736383931333B);
INSERT INTO `ci_sessions` VALUES ('128ge1ngjphgirdqggolfpntfl2frusc', '::1', '1602777612', 0x5F5F63695F6C6173745F726567656E65726174657C693A313630323737373631323B6964656E746974797C733A31353A2261646D696E4061646D696E2E636F6D223B656D61696C7C733A31353A2261646D696E4061646D696E2E636F6D223B757365725F69647C733A313A2231223B6F6C645F6C6173745F6C6F67696E7C733A31303A2231363032363937363336223B6C6173745F636865636B7C693A313630323736383931333B);
INSERT INTO `ci_sessions` VALUES ('ep09ccipfifinmdu490q5g8mjk4la53t', '::1', '1602777913', 0x5F5F63695F6C6173745F726567656E65726174657C693A313630323737373931333B6964656E746974797C733A31353A2261646D696E4061646D696E2E636F6D223B656D61696C7C733A31353A2261646D696E4061646D696E2E636F6D223B757365725F69647C733A313A2231223B6F6C645F6C6173745F6C6F67696E7C733A31303A2231363032363937363336223B6C6173745F636865636B7C693A313630323736383931333B);
INSERT INTO `ci_sessions` VALUES ('t67crlpv2ua09k71nkq7vf11evb3acfv', '::1', '1602779003', 0x5F5F63695F6C6173745F726567656E65726174657C693A313630323737393030333B6964656E746974797C733A31353A2261646D696E4061646D696E2E636F6D223B656D61696C7C733A31353A2261646D696E4061646D696E2E636F6D223B757365725F69647C733A313A2231223B6F6C645F6C6173745F6C6F67696E7C733A31303A2231363032363937363336223B6C6173745F636865636B7C693A313630323736383931333B);
INSERT INTO `ci_sessions` VALUES ('65n3bap92842vqrd7ihmoojmbvtd1klr', '::1', '1602779099', 0x5F5F63695F6C6173745F726567656E65726174657C693A313630323737393030333B6964656E746974797C733A31353A2261646D696E4061646D696E2E636F6D223B656D61696C7C733A31353A2261646D696E4061646D696E2E636F6D223B757365725F69647C733A313A2231223B6F6C645F6C6173745F6C6F67696E7C733A31303A2231363032363937363336223B6C6173745F636865636B7C693A313630323736383931333B);
INSERT INTO `ci_sessions` VALUES ('5g7a63l4o1v8inke413sv67l3k44vteo', '::1', '1604421469', 0x5F5F63695F6C6173745F726567656E65726174657C693A313630343432313436393B6964656E746974797C733A31353A2261646D696E4061646D696E2E636F6D223B656D61696C7C733A31353A2261646D696E4061646D696E2E636F6D223B757365725F69647C733A313A2231223B6F6C645F6C6173745F6C6F67696E7C733A31303A2231363032373638393133223B6C6173745F636865636B7C693A313630343432313436383B);
INSERT INTO `ci_sessions` VALUES ('98op70gcjqn6aj8228visusfmrpvcg8b', '::1', '1604421534', 0x5F5F63695F6C6173745F726567656E65726174657C693A313630343432313436393B6964656E746974797C733A31353A2261646D696E4061646D696E2E636F6D223B656D61696C7C733A31353A2261646D696E4061646D696E2E636F6D223B757365725F69647C733A313A2231223B6F6C645F6C6173745F6C6F67696E7C733A31303A2231363032373638393133223B6C6173745F636865636B7C693A313630343432313436383B);

-- ----------------------------
-- Table structure for customers
-- ----------------------------
DROP TABLE IF EXISTS `customers`;
CREATE TABLE `customers` (
  `customerNumber` int(11) NOT NULL AUTO_INCREMENT,
  `customerName` varchar(50) NOT NULL,
  `contactLastName` varchar(50) NOT NULL,
  `contactFirstName` varchar(50) NOT NULL,
  `phone` varchar(50) NOT NULL,
  `addressLine1` varchar(50) NOT NULL,
  `addressLine2` varchar(50) DEFAULT NULL,
  `city` varchar(50) NOT NULL,
  `state` varchar(50) DEFAULT NULL,
  `postalCode` varchar(15) DEFAULT NULL,
  `country` varchar(50) NOT NULL,
  `salesRepEmployeeNumber` int(11) DEFAULT NULL,
  `creditLimit` double DEFAULT NULL,
  `image` text DEFAULT NULL,
  PRIMARY KEY (`customerNumber`) USING BTREE
) ENGINE=MyISAM AUTO_INCREMENT=507 DEFAULT CHARSET=latin1 ROW_FORMAT=DYNAMIC;

-- ----------------------------
-- Records of customers
-- ----------------------------
INSERT INTO `customers` VALUES ('103', 'Atelier graphique', 'Schmitt', 'Carine ', '40.32.2555', '54, rue Royale', null, 'Nantes', null, '44000', 'France', '1370', '21000', null);
INSERT INTO `customers` VALUES ('112', 'Signal Gift Stores', 'King', 'Jean', '7025551838', '8489 Strong St.', null, 'Las Vegas', 'NV', '83030', 'USA', '1166', '71800', null);
INSERT INTO `customers` VALUES ('114', 'Australian Collectors, Co.', 'Ferguson', 'Peter', '03 9520 4555', '636 St Kilda Road', 'Level 3', 'Melbourne', 'Victoria', '3004', 'Australia', '1611', '117300', null);
INSERT INTO `customers` VALUES ('119', 'La Rochelle Gifts', 'Labrune', 'Janine ', '40.67.8555', '67, rue des Cinquante Otages', null, 'Nantes', null, '44000', 'France', '1370', '118200', null);
INSERT INTO `customers` VALUES ('121', 'Baane Mini Imports', 'Bergulfsen', 'Jonas ', '07-98 9555', 'Erling Skakkes gate 78', null, 'Stavern', null, '4110', 'Norway', '1504', '81700', null);
INSERT INTO `customers` VALUES ('124', 'Mini Gifts Distributors Ltd.', 'Nelson', 'Susan', '4155551450', '5677 Strong St.', null, 'San Rafael', 'CA', '97562', 'USA', '1165', '210500', null);
INSERT INTO `customers` VALUES ('125', 'Havel & Zbyszek Co', 'Piestrzeniewicz', 'Zbyszek ', '(26) 642-7555', 'ul. Filtrowa 68', null, 'Warszawa', null, '01-012', 'Poland', null, '0', null);
INSERT INTO `customers` VALUES ('128', 'Blauer See Auto, Co.', 'Keitel', 'Roland', '+49 69 66 90 2555', 'Lyonerstr. 34', null, 'Frankfurt', null, '60528', 'Germany', '1504', '59700', null);
INSERT INTO `customers` VALUES ('129', 'Mini Wheels Co.', 'Murphy', 'Julie', '6505555787', '5557 North Pendale Street', null, 'San Francisco', 'CA', '94217', 'USA', '1165', '64600', null);
INSERT INTO `customers` VALUES ('131', 'Land of Toys Inc.', 'Lee', 'Kwai', '2125557818', '897 Long Airport Avenue', null, 'NYC', 'NY', '10022', 'USA', '1323', '114900', null);
INSERT INTO `customers` VALUES ('141', 'Euro+ Shopping Channel', 'Freyre', 'Diego ', '(91) 555 94 44', 'C/ Moralzarzal, 86', null, 'Madrid', null, '28034', 'Spain', '1370', '227600', null);
INSERT INTO `customers` VALUES ('144', 'Volvo Model Replicas, Co', 'Berglund', 'Christina ', '0921-12 3555', 'Berguvsvägen  8', null, 'Luleå', null, 'S-958 22', 'Sweden', '1504', '53100', null);
INSERT INTO `customers` VALUES ('145', 'Danish Wholesale Imports', 'Petersen', 'Jytte ', '31 12 3555', 'Vinbæltet 34', null, 'Kobenhavn', null, '1734', 'Denmark', '1401', '83400', null);
INSERT INTO `customers` VALUES ('146', 'Saveley & Henriot, Co.', 'Saveley', 'Mary ', '78.32.5555', '2, rue du Commerce', null, 'Lyon', null, '69004', 'France', '1337', '123900', null);
INSERT INTO `customers` VALUES ('148', 'Dragon Souveniers, Ltd.', 'Natividad', 'Eric', '+65 221 7555', 'Bronz Sok.', 'Bronz Apt. 3/6 Tesvikiye', 'Singapore', null, '079903', 'Singapore', '1621', '103800', null);
INSERT INTO `customers` VALUES ('151', 'Muscle Machine Inc', 'Young', 'Jeff', '2125557413', '4092 Furth Circle', 'Suite 400', 'NYC', 'NY', '10022', 'USA', '1286', '138500', null);
INSERT INTO `customers` VALUES ('157', 'Diecast Classics Inc.', 'Leong', 'Kelvin', '2155551555', '7586 Pompton St.', null, 'Allentown', 'PA', '70267', 'USA', '1216', '100600', null);
INSERT INTO `customers` VALUES ('161', 'Technics Stores Inc.', 'Hashimoto', 'Juri', '6505556809', '9408 Furth Circle', null, 'Burlingame', 'CA', '94217', 'USA', '1165', '84600', null);
INSERT INTO `customers` VALUES ('166', 'Handji Gifts& Co', 'Victorino', 'Wendy', '+65 224 1555', '106 Linden Road Sandown', '2nd Floor', 'Singapore', null, '069045', 'Singapore', '1612', '97900', null);
INSERT INTO `customers` VALUES ('167', 'Herkku Gifts', 'Oeztan', 'Veysel', '+47 2267 3215', 'Brehmen St. 121', 'PR 334 Sentrum', 'Bergen', null, 'N 5804', 'Norway  ', '1504', '96800', null);
INSERT INTO `customers` VALUES ('168', 'American Souvenirs Inc', 'Franco', 'Keith', '2035557845', '149 Spinnaker Dr.', 'Suite 101', 'New Haven', 'CT', '97823', 'USA', '1286', '0', null);
INSERT INTO `customers` VALUES ('169', 'Porto Imports Co.', 'de Castro', 'Isabel ', '(1) 356-5555', 'Estrada da saúde n. 58', null, 'Lisboa', null, '1756', 'Portugal', null, '0', null);
INSERT INTO `customers` VALUES ('171', 'Daedalus Designs Imports', 'Rancé', 'Martine ', '20.16.1555', '184, chaussée de Tournai', null, 'Lille', null, '59000', 'France', '1370', '82900', null);
INSERT INTO `customers` VALUES ('172', 'La Corne D\'abondance, Co.', 'Bertrand', 'Marie', '(1) 42.34.2555', '265, boulevard Charonne', null, 'Paris', null, '75012', 'France', '1337', '84300', null);
INSERT INTO `customers` VALUES ('173', 'Cambridge Collectables Co.', 'Tseng', 'Jerry', '6175555555', '4658 Baden Av.', null, 'Cambridge', 'MA', '51247', 'USA', '1188', '43400', null);
INSERT INTO `customers` VALUES ('175', 'Gift Depot Inc.', 'King', 'Julie', '2035552570', '25593 South Bay Ln.', null, 'Bridgewater', 'CT', '97562', 'USA', '1323', '84300', null);
INSERT INTO `customers` VALUES ('177', 'Osaka Souveniers Co.', 'Kentary', 'Mory', '+81 06 6342 5555', '1-6-20 Dojima', null, 'Kita-ku', 'Osaka', ' 530-0003', 'Japan', '1621', '81200', null);
INSERT INTO `customers` VALUES ('181', 'Vitachrome Inc.', 'Frick', 'Michael', '2125551500', '2678 Kingston Rd.', 'Suite 101', 'NYC', 'NY', '10022', 'USA', '1286', '76400', null);
INSERT INTO `customers` VALUES ('186', 'Toys of Finland, Co.', 'Karttunen', 'Matti', '90-224 8555', 'Keskuskatu 45', null, 'Helsinki', null, '21240', 'Finland', '1501', '96500', null);
INSERT INTO `customers` VALUES ('187', 'AV Stores, Co.', 'Ashworth', 'Rachel', '(171) 555-1555', 'Fauntleroy Circus', null, 'Manchester', null, 'EC2 5NT', 'UK', '1501', '136800', null);
INSERT INTO `customers` VALUES ('189', 'Clover Collections, Co.', 'Cassidy', 'Dean', '+353 1862 1555', '25 Maiden Lane', 'Floor No. 4', 'Dublin', null, '2', 'Ireland', '1504', '69400', null);
INSERT INTO `customers` VALUES ('198', 'Auto-Moto Classics Inc.', 'Taylor', 'Leslie', '6175558428', '16780 Pompton St.', null, 'Brickhaven', 'MA', '58339', 'USA', '1216', '23000', null);
INSERT INTO `customers` VALUES ('201', 'UK Collectables, Ltd.', 'Devon', 'Elizabeth', '(171) 555-2282', '12, Berkeley Gardens Blvd', null, 'Liverpool', null, 'WX1 6LT', 'UK', '1501', '92700', null);
INSERT INTO `customers` VALUES ('202', 'Canadian Gift Exchange Network', 'Tamuri', 'Yoshi ', '(604) 555-3392', '1900 Oak St.', null, 'Vancouver', 'BC', 'V3F 2K1', 'Canada', '1323', '90300', null);
INSERT INTO `customers` VALUES ('204', 'Online Mini Collectables', 'Barajas', 'Miguel', '6175557555', '7635 Spinnaker Dr.', null, 'Brickhaven', 'MA', '58339', 'USA', '1188', '68700', null);
INSERT INTO `customers` VALUES ('205', 'Toys4GrownUps.com', 'Young', 'Julie', '6265557265', '78934 Hillside Dr.', null, 'Pasadena', 'CA', '90003', 'USA', '1166', '90700', null);
INSERT INTO `customers` VALUES ('206', 'Asian Shopping Network, Co', 'Walker', 'Brydey', '+612 9411 1555', 'Suntec Tower Three', '8 Temasek', 'Singapore', null, '038988', 'Singapore', null, '0', null);
INSERT INTO `customers` VALUES ('209', 'Mini Caravy', 'Citeaux', 'Frédérique ', '88.60.1555', '24, place Kléber', null, 'Strasbourg', null, '67000', 'France', '1370', '53800', null);
INSERT INTO `customers` VALUES ('211', 'King Kong Collectables, Co.', 'Gao', 'Mike', '+852 2251 1555', 'Bank of China Tower', '1 Garden Road', 'Central Hong Kong', null, null, 'Hong Kong', '1621', '58600', null);
INSERT INTO `customers` VALUES ('216', 'Enaco Distributors', 'Saavedra', 'Eduardo ', '(93) 203 4555', 'Rambla de Cataluña, 23', null, 'Barcelona', null, '08022', 'Spain', '1702', '60300', null);
INSERT INTO `customers` VALUES ('219', 'Boards & Toys Co.', 'Young', 'Mary', '3105552373', '4097 Douglas Av.', null, 'Glendale', 'CA', '92561', 'USA', '1166', '11000', null);
INSERT INTO `customers` VALUES ('223', 'Natürlich Autos', 'Kloss', 'Horst ', '0372-555188', 'Taucherstraße 10', null, 'Cunewalde', null, '01307', 'Germany', null, '0', null);
INSERT INTO `customers` VALUES ('227', 'Heintze Collectables', 'Ibsen', 'Palle', '86 21 3555', 'Smagsloget 45', null, 'Århus', null, '8200', 'Denmark', '1401', '120800', null);
INSERT INTO `customers` VALUES ('233', 'Québec Home Shopping Network', 'Fresnière', 'Jean ', '(514) 555-8054', '43 rue St. Laurent', null, 'Montréal', 'Québec', 'H1J 1C3', 'Canada', '1286', '48700', null);
INSERT INTO `customers` VALUES ('237', 'ANG Resellers', 'Camino', 'Alejandra ', '(91) 745 6555', 'Gran Vía, 1', null, 'Madrid', null, '28001', 'Spain', null, '0', null);
INSERT INTO `customers` VALUES ('239', 'Collectable Mini Designs Co.', 'Thompson', 'Valarie', '7605558146', '361 Furth Circle', null, 'San Diego', 'CA', '91217', 'USA', '1166', '105000', null);
INSERT INTO `customers` VALUES ('240', 'giftsbymail.co.uk', 'Bennett', 'Helen ', '(198) 555-8888', 'Garden House', 'Crowther Way 23', 'Cowes', 'Isle of Wight', 'PO31 7PJ', 'UK', '1501', '93900', null);
INSERT INTO `customers` VALUES ('242', 'Alpha Cognac', 'Roulet', 'Annette ', '61.77.6555', '1 rue Alsace-Lorraine', null, 'Toulouse', null, '31000', 'France', '1370', '61100', null);
INSERT INTO `customers` VALUES ('247', 'Messner Shopping Network', 'Messner', 'Renate ', '069-0555984', 'Magazinweg 7', null, 'Frankfurt', null, '60528', 'Germany', null, '0', null);
INSERT INTO `customers` VALUES ('249', 'Amica Models & Co.', 'Accorti', 'Paolo ', '011-4988555', 'Via Monte Bianco 34', null, 'Torino', null, '10100', 'Italy', '1401', '113000', null);
INSERT INTO `customers` VALUES ('250', 'Lyon Souveniers', 'Da Silva', 'Daniel', '+33 1 46 62 7555', '27 rue du Colonel Pierre Avia', null, 'Paris', null, '75508', 'France', '1337', '68100', null);
INSERT INTO `customers` VALUES ('256', 'Auto Associés & Cie.', 'Tonini', 'Daniel ', '30.59.8555', '67, avenue de l\'Europe', null, 'Versailles', null, '78000', 'France', '1370', '77900', null);
INSERT INTO `customers` VALUES ('259', 'Toms Spezialitäten, Ltd', 'Pfalzheim', 'Henriette ', '0221-5554327', 'Mehrheimerstr. 369', null, 'Köln', null, '50739', 'Germany', '1504', '120400', null);
INSERT INTO `customers` VALUES ('260', 'Royal Canadian Collectables, Ltd.', 'Lincoln', 'Elizabeth ', '(604) 555-4555', '23 Tsawassen Blvd.', null, 'Tsawassen', 'BC', 'T2F 8M4', 'Canada', '1323', '89600', null);
INSERT INTO `customers` VALUES ('273', 'Franken Gifts, Co', 'Franken', 'Peter ', '089-0877555', 'Berliner Platz 43', null, 'München', null, '80805', 'Germany', null, '0', null);
INSERT INTO `customers` VALUES ('276', 'Anna\'s Decorations, Ltd', 'O\'Hara', 'Anna', '02 9936 8555', '201 Miller Street', 'Level 15', 'North Sydney', 'NSW', '2060', 'Australia', '1611', '107800', null);
INSERT INTO `customers` VALUES ('278', 'Rovelli Gifts', 'Rovelli', 'Giovanni ', '035-640555', 'Via Ludovico il Moro 22', null, 'Bergamo', null, '24100', 'Italy', '1401', '119600', null);
INSERT INTO `customers` VALUES ('282', 'Souveniers And Things Co.', 'Huxley', 'Adrian', '+61 2 9495 8555', 'Monitor Money Building', '815 Pacific Hwy', 'Chatswood', 'NSW', '2067', 'Australia', '1611', '93300', null);
INSERT INTO `customers` VALUES ('286', 'Marta\'s Replicas Co.', 'Hernandez', 'Marta', '6175558555', '39323 Spinnaker Dr.', null, 'Cambridge', 'MA', '51247', 'USA', '1216', '123700', null);
INSERT INTO `customers` VALUES ('293', 'BG&E Collectables', 'Harrison', 'Ed', '+41 26 425 50 01', 'Rte des Arsenaux 41 ', null, 'Fribourg', null, '1700', 'Switzerland', null, '0', null);
INSERT INTO `customers` VALUES ('298', 'Vida Sport, Ltd', 'Holz', 'Mihael', '0897-034555', 'Grenzacherweg 237', null, 'Genève', null, '1203', 'Switzerland', '1702', '141300', null);
INSERT INTO `customers` VALUES ('299', 'Norway Gifts By Mail, Co.', 'Klaeboe', 'Jan', '+47 2212 1555', 'Drammensveien 126A', 'PB 211 Sentrum', 'Oslo', null, 'N 0106', 'Norway  ', '1504', '95100', null);
INSERT INTO `customers` VALUES ('303', 'Schuyler Imports', 'Schuyler', 'Bradley', '+31 20 491 9555', 'Kingsfordweg 151', null, 'Amsterdam', null, '1043 GR', 'Netherlands', null, '0', null);
INSERT INTO `customers` VALUES ('307', 'Der Hund Imports', 'Andersen', 'Mel', '030-0074555', 'Obere Str. 57', null, 'Berlin', null, '12209', 'Germany', null, '0', null);
INSERT INTO `customers` VALUES ('311', 'Oulu Toy Supplies, Inc.', 'Koskitalo', 'Pirkko', '981-443655', 'Torikatu 38', null, 'Oulu', null, '90110', 'Finland', '1501', '90500', null);
INSERT INTO `customers` VALUES ('314', 'Petit Auto', 'Dewey', 'Catherine ', '(02) 5554 67', 'Rue Joseph-Bens 532', null, 'Bruxelles', null, 'B-1180', 'Belgium', '1401', '79900', null);
INSERT INTO `customers` VALUES ('319', 'Mini Classics', 'Frick', 'Steve', '9145554562', '3758 North Pendale Street', null, 'White Plains', 'NY', '24067', 'USA', '1323', '102700', null);
INSERT INTO `customers` VALUES ('320', 'Mini Creations Ltd.', 'Huang', 'Wing', '5085559555', '4575 Hillside Dr.', null, 'New Bedford', 'MA', '50553', 'USA', '1188', '94500', null);
INSERT INTO `customers` VALUES ('321', 'Corporate Gift Ideas Co.', 'Brown', 'Julie', '6505551386', '7734 Strong St.', null, 'San Francisco', 'CA', '94217', 'USA', '1165', '105000', null);
INSERT INTO `customers` VALUES ('323', 'Down Under Souveniers, Inc', 'Graham', 'Mike', '+64 9 312 5555', '162-164 Grafton Road', 'Level 2', 'Auckland  ', null, null, 'New Zealand', '1612', '88000', null);
INSERT INTO `customers` VALUES ('324', 'Stylish Desk Decors, Co.', 'Brown', 'Ann ', '(171) 555-0297', '35 King George', null, 'London', null, 'WX3 6FW', 'UK', '1501', '77000', null);
INSERT INTO `customers` VALUES ('328', 'Tekni Collectables Inc.', 'Brown', 'William', '2015559350', '7476 Moss Rd.', null, 'Newark', 'NJ', '94019', 'USA', '1323', '43000', null);
INSERT INTO `customers` VALUES ('333', 'Australian Gift Network, Co', 'Calaghan', 'Ben', '61-7-3844-6555', '31 Duncan St. West End', null, 'South Brisbane', 'Queensland', '4101', 'Australia', '1611', '51600', null);
INSERT INTO `customers` VALUES ('334', 'Suominen Souveniers', 'Suominen', 'Kalle', '+358 9 8045 555', 'Software Engineering Center', 'SEC Oy', 'Espoo', null, 'FIN-02271', 'Finland', '1501', '98800', null);
INSERT INTO `customers` VALUES ('335', 'Cramer Spezialitäten, Ltd', 'Cramer', 'Philip ', '0555-09555', 'Maubelstr. 90', null, 'Brandenburg', null, '14776', 'Germany', null, '0', null);
INSERT INTO `customers` VALUES ('339', 'Classic Gift Ideas, Inc', 'Cervantes', 'Francisca', '2155554695', '782 First Street', null, 'Philadelphia', 'PA', '71270', 'USA', '1188', '81100', null);
INSERT INTO `customers` VALUES ('344', 'CAF Imports', 'Fernandez', 'Jesus', '+34 913 728 555', 'Merchants House', '27-30 Merchant\'s Quay', 'Madrid', null, '28023', 'Spain', '1702', '59600', null);
INSERT INTO `customers` VALUES ('347', 'Men \'R\' US Retailers, Ltd.', 'Chandler', 'Brian', '2155554369', '6047 Douglas Av.', null, 'Los Angeles', 'CA', '91003', 'USA', '1166', '57700', null);
INSERT INTO `customers` VALUES ('348', 'Asian Treasures, Inc.', 'McKenna', 'Patricia ', '2967 555', '8 Johnstown Road', null, 'Cork', 'Co. Cork', null, 'Ireland', null, '0', null);
INSERT INTO `customers` VALUES ('350', 'Marseille Mini Autos', 'Lebihan', 'Laurence ', '91.24.4555', '12, rue des Bouchers', null, 'Marseille', null, '13008', 'France', '1337', '65000', null);
INSERT INTO `customers` VALUES ('353', 'Reims Collectables', 'Henriot', 'Paul ', '26.47.1555', '59 rue de l\'Abbaye', null, 'Reims', null, '51100', 'France', '1337', '81100', null);
INSERT INTO `customers` VALUES ('356', 'SAR Distributors, Co', 'Kuger', 'Armand', '+27 21 550 3555', '1250 Pretorius Street', null, 'Hatfield', 'Pretoria', '0028', 'South Africa', null, '0', null);
INSERT INTO `customers` VALUES ('357', 'GiftsForHim.com', 'MacKinlay', 'Wales', '64-9-3763555', '199 Great North Road', null, 'Auckland', null, null, 'New Zealand', '1612', '77700', null);
INSERT INTO `customers` VALUES ('361', 'Kommission Auto', 'Josephs', 'Karin', '0251-555259', 'Luisenstr. 48', null, 'Münster', null, '44087', 'Germany', null, '0', null);
INSERT INTO `customers` VALUES ('362', 'Gifts4AllAges.com', 'Yoshido', 'Juri', '6175559555', '8616 Spinnaker Dr.', null, 'Boston', 'MA', '51003', 'USA', '1216', '41900', null);
INSERT INTO `customers` VALUES ('363', 'Online Diecast Creations Co.', 'Young', 'Dorothy', '6035558647', '2304 Long Airport Avenue', null, 'Nashua', 'NH', '62005', 'USA', '1216', '114200', null);
INSERT INTO `customers` VALUES ('369', 'Lisboa Souveniers, Inc', 'Rodriguez', 'Lino ', '(1) 354-2555', 'Jardim das rosas n. 32', null, 'Lisboa', null, '1675', 'Portugal', null, '0', null);
INSERT INTO `customers` VALUES ('376', 'Precious Collectables', 'Urs', 'Braun', '0452-076555', 'Hauptstr. 29', null, 'Bern', null, '3012', 'Switzerland', '1702', '0', null);
INSERT INTO `customers` VALUES ('379', 'Collectables For Less Inc.', 'Nelson', 'Allen', '6175558555', '7825 Douglas Av.', null, 'Brickhaven', 'MA', '58339', 'USA', '1188', '70700', null);
INSERT INTO `customers` VALUES ('381', 'Royale Belge', 'Cartrain', 'Pascale ', '(071) 23 67 2555', 'Boulevard Tirou, 255', null, 'Charleroi', null, 'B-6000', 'Belgium', '1401', '23500', null);
INSERT INTO `customers` VALUES ('382', 'Salzburg Collectables', 'Pipps', 'Georg ', '6562-9555', 'Geislweg 14', null, 'Salzburg', null, '5020', 'Austria', '1401', '71700', null);
INSERT INTO `customers` VALUES ('385', 'Cruz & Sons Co.', 'Cruz', 'Arnold', '+63 2 555 3587', '15 McCallum Street', 'NatWest Center #13-03', 'Makati City', null, '1227 MM', 'Philippines', '1621', '81500', null);
INSERT INTO `customers` VALUES ('386', 'L\'ordine Souveniers', 'Moroni', 'Maurizio ', '0522-556555', 'Strada Provinciale 124', null, 'Reggio Emilia', null, '42100', 'Italy', '1401', '121400', null);
INSERT INTO `customers` VALUES ('398', 'Tokyo Collectables, Ltd', 'Shimamura', 'Akiko', '+81 3 3584 0555', '2-2-8 Roppongi', null, 'Minato-ku', 'Tokyo', '106-0032', 'Japan', '1621', '94400', null);
INSERT INTO `customers` VALUES ('406', 'Auto Canal+ Petit', 'Perrier', 'Dominique', '(1) 47.55.6555', '25, rue Lauriston', null, 'Paris', null, '75016', 'France', '1337', '95000', null);
INSERT INTO `customers` VALUES ('409', 'Stuttgart Collectable Exchange', 'Müller', 'Rita ', '0711-555361', 'Adenauerallee 900', null, 'Stuttgart', null, '70563', 'Germany', null, '0', null);
INSERT INTO `customers` VALUES ('412', 'Extreme Desk Decorations, Ltd', 'McRoy', 'Sarah', '04 499 9555', '101 Lambton Quay', 'Level 11', 'Wellington', null, null, 'New Zealand', '1612', '86800', null);
INSERT INTO `customers` VALUES ('415', 'Bavarian Collectables Imports, Co.', 'Donnermeyer', 'Michael', ' +49 89 61 08 9555', 'Hansastr. 15', null, 'Munich', null, '80686', 'Germany', '1504', '77000', null);
INSERT INTO `customers` VALUES ('424', 'Classic Legends Inc.', 'Hernandez', 'Maria', '2125558493', '5905 Pompton St.', 'Suite 750', 'NYC', 'NY', '10022', 'USA', '1286', '67500', null);
INSERT INTO `customers` VALUES ('443', 'Feuer Online Stores, Inc', 'Feuer', 'Alexander ', '0342-555176', 'Heerstr. 22', null, 'Leipzig', null, '04179', 'Germany', null, '0', null);
INSERT INTO `customers` VALUES ('447', 'Gift Ideas Corp.', 'Lewis', 'Dan', '2035554407', '2440 Pompton St.', null, 'Glendale', 'CT', '97561', 'USA', '1323', '49700', null);
INSERT INTO `customers` VALUES ('448', 'Scandinavian Gift Ideas', 'Larsson', 'Martha', '0695-34 6555', 'Åkergatan 24', null, 'Bräcke', null, 'S-844 67', 'Sweden', '1504', '116400', null);
INSERT INTO `customers` VALUES ('450', 'The Sharp Gifts Warehouse', 'Frick', 'Sue', '4085553659', '3086 Ingle Ln.', null, 'San Jose', 'CA', '94217', 'USA', '1165', '77600', null);
INSERT INTO `customers` VALUES ('452', 'Mini Auto Werke', 'Mendel', 'Roland ', '7675-3555', 'Kirchgasse 6', null, 'Graz', null, '8010', 'Austria', '1401', '45300', null);
INSERT INTO `customers` VALUES ('455', 'Super Scale Inc.', 'Murphy', 'Leslie', '2035559545', '567 North Pendale Street', null, 'New Haven', 'CT', '97823', 'USA', '1286', '95400', null);
INSERT INTO `customers` VALUES ('456', 'Microscale Inc.', 'Choi', 'Yu', '2125551957', '5290 North Pendale Street', 'Suite 200', 'NYC', 'NY', '10022', 'USA', '1286', '39800', null);
INSERT INTO `customers` VALUES ('458', 'Corrida Auto Replicas, Ltd', 'Sommer', 'Martín ', '(91) 555 22 82', 'C/ Araquil, 67', null, 'Madrid', null, '28023', 'Spain', '1702', '104600', null);
INSERT INTO `customers` VALUES ('459', 'Warburg Exchange', 'Ottlieb', 'Sven ', '0241-039123', 'Walserweg 21', null, 'Aachen', null, '52066', 'Germany', null, '0', null);
INSERT INTO `customers` VALUES ('462', 'FunGiftIdeas.com', 'Benitez', 'Violeta', '5085552555', '1785 First Street', null, 'New Bedford', 'MA', '50553', 'USA', '1216', '85800', null);
INSERT INTO `customers` VALUES ('465', 'Anton Designs, Ltd.', 'Anton', 'Carmen', '+34 913 728555', 'c/ Gobelas, 19-1 Urb. La Florida', null, 'Madrid', null, '28023', 'Spain', null, '0', null);
INSERT INTO `customers` VALUES ('471', 'Australian Collectables, Ltd', 'Clenahan', 'Sean', '61-9-3844-6555', '7 Allen Street', null, 'Glen Waverly', 'Victoria', '3150', 'Australia', '1611', '60300', null);
INSERT INTO `customers` VALUES ('473', 'Frau da Collezione', 'Ricotti', 'Franco', '+39 022515555', '20093 Cologno Monzese', 'Alessandro Volta 16', 'Milan', null, null, 'Italy', '1401', '34800', null);
INSERT INTO `customers` VALUES ('475', 'West Coast Collectables Co.', 'Thompson', 'Steve', '3105553722', '3675 Furth Circle', null, 'Burbank', 'CA', '94019', 'USA', '1166', '55400', null);
INSERT INTO `customers` VALUES ('477', 'Mit Vergnügen & Co.', 'Moos', 'Hanna ', '0621-08555', 'Forsterstr. 57', null, 'Mannheim', null, '68306', 'Germany', null, '0', null);
INSERT INTO `customers` VALUES ('480', 'Kremlin Collectables, Co.', 'Semenov', 'Alexander ', '+7 812 293 0521', '2 Pobedy Square', null, 'Saint Petersburg', null, '196143', 'Russia', null, '0', null);
INSERT INTO `customers` VALUES ('481', 'Raanan Stores, Inc', 'Altagar,G M', 'Raanan', '+ 972 9 959 8555', '3 Hagalim Blv.', null, 'Herzlia', null, '47625', 'Israel', null, '0', null);
INSERT INTO `customers` VALUES ('484', 'Iberia Gift Imports, Corp.', 'Roel', 'José Pedro ', '(95) 555 82 82', 'C/ Romero, 33', '', 'Sevilla', '', '41101', 'Spain', '1702', '65700', null);
INSERT INTO `customers` VALUES ('486', 'Motor Mint Distributors Inc.', 'Salazar', 'Rosa', '2155559857', '11328 Douglas Av.', null, 'Philadelphia', 'PA', '71270', 'USA', '1323', '72600', null);
INSERT INTO `customers` VALUES ('487', 'Signal Collectibles Ltd.', 'Taylor', 'Sue', '4155554312', '2793 Furth Circle', null, 'Brisbane', 'CA', '94217', 'USA', '1165', '60300', null);
INSERT INTO `customers` VALUES ('489', 'Double Decker Gift Stores, Ltd', 'Smith', 'Thomas ', '(171) 555-7555', '120 Hanover Sq.', null, 'London', null, 'WA1 1DP', 'UK', '1501', '43300', null);
INSERT INTO `customers` VALUES ('495', 'Raisaul Islam', 'Franco', 'Valarie', '6175552555', '6251 Ingle Ln.', '', 'Boston', 'MA', '51003', 'USA', '1188', '85100', null);

-- ----------------------------
-- Table structure for employees
-- ----------------------------
DROP TABLE IF EXISTS `employees`;
CREATE TABLE `employees` (
  `employeeNumber` int(11) NOT NULL AUTO_INCREMENT,
  `lastName` varchar(50) NOT NULL,
  `firstName` varchar(50) NOT NULL,
  `extension` varchar(10) NOT NULL,
  `email` varchar(100) NOT NULL,
  `officeCode` varchar(10) NOT NULL,
  `file_url` varchar(250) CHARACTER SET utf8 NOT NULL,
  `jobTitle` varchar(50) NOT NULL,
  PRIMARY KEY (`employeeNumber`) USING BTREE
) ENGINE=MyISAM AUTO_INCREMENT=1704 DEFAULT CHARSET=latin1 ROW_FORMAT=DYNAMIC;

-- ----------------------------
-- Records of employees
-- ----------------------------
INSERT INTO `employees` VALUES ('1002', 'Murphy', 'Diane', 'x5800', 'dmurphy@classicmodelcars.com', '1', '', 'President');
INSERT INTO `employees` VALUES ('1056', 'Patterson', 'Mary', 'x4611', 'mpatterso@classicmodelcars.com', '1', '', 'VP Sales');
INSERT INTO `employees` VALUES ('1076', 'Firrelli', 'Jeff', 'x9273', 'jfirrelli@classicmodelcars.com', '1', '', 'VP Marketing');
INSERT INTO `employees` VALUES ('1088', 'Patterson', 'William', 'x4871', 'wpatterson@classicmodelcars.com', '6', '', 'Sales Manager (APAC)');
INSERT INTO `employees` VALUES ('1102', 'Bondur', 'Gerard', 'x5408', 'gbondur@classicmodelcars.com', '4', 'pdftest.pdf', 'Sale Manager (EMEA)');
INSERT INTO `employees` VALUES ('1143', 'Bow', 'Anthony', 'x5428', 'abow@classicmodelcars.com', '1', '', 'Sales Manager (NA)');
INSERT INTO `employees` VALUES ('1165', 'Jennings', 'Leslie', 'x3291', 'ljennings@classicmodelcars.com', '1', '', 'Sales Rep');
INSERT INTO `employees` VALUES ('1166', 'Thompson', 'Leslie', 'x4065', 'lthompson@classicmodelcars.com', '1', '', 'Sales Rep');
INSERT INTO `employees` VALUES ('1188', 'Firrelli', 'Julie', 'x2173', 'jfirrelli@classicmodelcars.com', '2', 'test-2.pdf', 'Sales Rep');
INSERT INTO `employees` VALUES ('1216', 'Patterson', 'Steve', 'x4334', 'spatterson@classicmodelcars.com', '2', '', 'Sales Rep');
INSERT INTO `employees` VALUES ('1286', 'Tseng', 'Foon Yue', 'x2248', 'ftseng@classicmodelcars.com', '3', '', 'Sales Rep');
INSERT INTO `employees` VALUES ('1323', 'Vanauf', 'George', 'x4102', 'gvanauf@classicmodelcars.com', '3', '', 'Sales Rep');
INSERT INTO `employees` VALUES ('1337', 'Bondur', 'Loui', 'x6493', 'lbondur@classicmodelcars.com', '4', '', 'Sales Rep');
INSERT INTO `employees` VALUES ('1370', 'Hernandez', 'Gerard', 'x2028', 'ghernande@classicmodelcars.com', '4', '', 'Sales Rep');
INSERT INTO `employees` VALUES ('1401', 'Castillo', 'Pamela', 'x2759', 'pcastillo@classicmodelcars.com', '4', '', 'Sales Rep');
INSERT INTO `employees` VALUES ('1501', 'Bott', 'Larry', 'x2311', 'lbott@classicmodelcars.com', '7', '', 'Sales Rep');
INSERT INTO `employees` VALUES ('1504', 'Jones', 'Barry', 'x102', 'bjones@classicmodelcars.com', '7', '', 'Sales Rep');
INSERT INTO `employees` VALUES ('1611', 'Fixter', 'Andy', 'x101', 'afixter@classicmodelcars.com', '6', '', 'Sales Rep');
INSERT INTO `employees` VALUES ('1612', 'Marsh', 'Peter', 'x102', 'pmarsh@classicmodelcars.com', '6', '', 'Sales Rep');
INSERT INTO `employees` VALUES ('1619', 'King', 'Tom', 'x103', 'tking@classicmodelcars.com', '6', '', 'Sales Rep');
INSERT INTO `employees` VALUES ('1621', 'Nishi', 'Mami', 'x101', 'mnishi@classicmodelcars.com', '5', '', 'Sales Rep');
INSERT INTO `employees` VALUES ('1625', 'Kato', 'Yoshimi', 'x102', 'ykato@classicmodelcars.com', '5', '', 'Sales Rep');
INSERT INTO `employees` VALUES ('1702', 'Gerard', 'Martin', 'x2312', 'mgerard@classicmodelcars.com', '4', '', 'Sales Rep');
INSERT INTO `employees` VALUES ('1703', 'rtr', 'rtrt', 'rtrt', 'admin@admin.com', '4', 'Resume-f0e19.pdf', 'rtrt');

-- ----------------------------
-- Table structure for events
-- ----------------------------
DROP TABLE IF EXISTS `events`;
CREATE TABLE `events` (
  `id` int(10) NOT NULL AUTO_INCREMENT,
  `name` varchar(255) DEFAULT NULL,
  `start_date` date DEFAULT NULL,
  `end_date` date DEFAULT NULL,
  `description` varchar(500) DEFAULT NULL,
  `is_active` enum('1','0') DEFAULT NULL,
  PRIMARY KEY (`id`)
) ENGINE=InnoDB AUTO_INCREMENT=2 DEFAULT CHARSET=latin1;

-- ----------------------------
-- Records of events
-- ----------------------------
INSERT INTO `events` VALUES ('1', 'Study Circle 12', '2020-02-18', '2020-03-31', null, '1');

-- ----------------------------
-- Table structure for event_registration
-- ----------------------------
DROP TABLE IF EXISTS `event_registration`;
CREATE TABLE `event_registration` (
  `id` int(10) NOT NULL AUTO_INCREMENT,
  `ticket_number` varchar(50) CHARACTER SET utf8 COLLATE utf8_unicode_ci NOT NULL,
  `name` varchar(100) NOT NULL,
  `mother_name` varchar(100) DEFAULT NULL,
  `father_name` varchar(100) DEFAULT NULL,
  `address` text DEFAULT NULL,
  `contact_no` varchar(20) DEFAULT '',
  `alternative_contact_no` varchar(20) DEFAULT '',
  `email` varchar(100) CHARACTER SET utf8 COLLATE utf8_unicode_ci DEFAULT NULL,
  `dob` date DEFAULT NULL,
  `national_id_no` bigint(20) DEFAULT NULL,
  `occupation` varchar(50) DEFAULT NULL,
  `organization` varchar(255) DEFAULT NULL,
  `volunteer` enum('Yes','No') DEFAULT NULL,
  `is_active` enum('Yes','No') DEFAULT 'Yes',
  `created_at` datetime DEFAULT NULL,
  PRIMARY KEY (`id`)
) ENGINE=InnoDB AUTO_INCREMENT=2 DEFAULT CHARSET=latin1;

-- ----------------------------
-- Records of event_registration
-- ----------------------------
INSERT INTO `event_registration` VALUES ('1', '5e500f40303da', 'Enamul haque', 'Shirin Akhter', 'Mazidul haque', 'sdsd', '01672323223', 'hgh', 'admin@crm.com', '2020-02-04', '8231770044', 'Student', 'ghghghgh', 'Yes', 'Yes', '2020-02-21 18:11:28');

-- ----------------------------
-- Table structure for groups
-- ----------------------------
DROP TABLE IF EXISTS `groups`;
CREATE TABLE `groups` (
  `id` mediumint(8) unsigned NOT NULL AUTO_INCREMENT,
  `name` varchar(20) NOT NULL,
  `description` varchar(100) NOT NULL,
  `permission` text NOT NULL,
  PRIMARY KEY (`id`) USING BTREE
) ENGINE=InnoDB AUTO_INCREMENT=4 DEFAULT CHARSET=utf8 ROW_FORMAT=DYNAMIC;

-- ----------------------------
-- Records of groups
-- ----------------------------
INSERT INTO `groups` VALUES ('1', 'admin', 'Administrator', 'a:16:{i:0;s:14:\"createCustomer\";i:1;s:14:\"updateCustomer\";i:2;s:12:\"viewCustomer\";i:3;s:14:\"deleteCustomer\";i:4;s:14:\"createEmployee\";i:5;s:14:\"updateEmployee\";i:6;s:12:\"viewEmployee\";i:7;s:14:\"deleteEmployee\";i:8;s:11:\"createGroup\";i:9;s:11:\"updateGroup\";i:10;s:9:\"viewGroup\";i:11;s:11:\"deleteGroup\";i:12;s:10:\"createUser\";i:13;s:10:\"updateUser\";i:14;s:8:\"viewUser\";i:15;s:10:\"deleteUser\";}');
INSERT INTO `groups` VALUES ('2', 'members', 'General User', 'a:4:{i:0;s:12:\"viewCustomer\";i:1;s:14:\"deleteCustomer\";i:2;s:12:\"viewEmployee\";i:3;s:14:\"deleteEmployee\";}');
INSERT INTO `groups` VALUES ('3', 'Staff', 'staff', 'a:4:{i:0;s:14:\"createCustomer\";i:1;s:14:\"updateCustomer\";i:2;s:12:\"viewCustomer\";i:3;s:12:\"viewEmployee\";}');

-- ----------------------------
-- Table structure for login_attempts
-- ----------------------------
DROP TABLE IF EXISTS `login_attempts`;
CREATE TABLE `login_attempts` (
  `id` int(11) unsigned NOT NULL AUTO_INCREMENT,
  `ip_address` varchar(45) NOT NULL,
  `login` varchar(100) NOT NULL,
  `time` int(11) unsigned DEFAULT NULL,
  PRIMARY KEY (`id`) USING BTREE
) ENGINE=InnoDB AUTO_INCREMENT=6 DEFAULT CHARSET=utf8 ROW_FORMAT=DYNAMIC;

-- ----------------------------
-- Records of login_attempts
-- ----------------------------

-- ----------------------------
-- Table structure for offices
-- ----------------------------
DROP TABLE IF EXISTS `offices`;
CREATE TABLE `offices` (
  `officeCode` int(10) NOT NULL AUTO_INCREMENT,
  `city` varchar(50) NOT NULL,
  `phone` varchar(50) NOT NULL,
  `addressLine1` varchar(50) NOT NULL,
  `addressLine2` varchar(50) DEFAULT NULL,
  `state` varchar(50) DEFAULT NULL,
  `country` varchar(50) NOT NULL,
  `postalCode` varchar(15) NOT NULL,
  `territory` varchar(10) NOT NULL,
  PRIMARY KEY (`officeCode`) USING BTREE
) ENGINE=MyISAM AUTO_INCREMENT=16 DEFAULT CHARSET=latin1 ROW_FORMAT=DYNAMIC;

-- ----------------------------
-- Records of offices
-- ----------------------------
INSERT INTO `offices` VALUES ('1', 'San Francisco', '+1 650 219 4782', '100 Market Street', 'Suite 300', 'CA', 'USA', '94080', 'NA');
INSERT INTO `offices` VALUES ('2', 'Boston', '+1 215 837 0825', '1550 Court Place', 'Suite 102', 'MA', 'USA', '02107', 'NA');
INSERT INTO `offices` VALUES ('3', 'NYC', '+1 212 555 3000', '523 East 53rd Street', 'apt. 5A', 'NY', 'USA', '10022', 'NA');
INSERT INTO `offices` VALUES ('4', 'Paris', '+33 14 723 4404', '43 Rue Jouffroy D', '', '', 'France', '75017', 'EMEA');
INSERT INTO `offices` VALUES ('5', 'Tokyo', '+81 33 224 5000', '4-1 Kioicho', null, 'Chiyoda-Ku', 'Japan', '102-8578', 'Japan');
INSERT INTO `offices` VALUES ('6', 'Sydney', '+61 2 9264 2451', '5-11 Wentworth Avenue', 'Floor #2', null, 'Australia', 'NSW 2010', 'APAC');
INSERT INTO `offices` VALUES ('7', 'London', '+44 20 7877 2041', '25 Old Broad Street', 'Level 7', null, 'UK', 'EC2N 1HN', 'EMEA');

-- ----------------------------
-- Table structure for study_circle
-- ----------------------------
DROP TABLE IF EXISTS `study_circle`;
CREATE TABLE `study_circle` (
  `id` int(10) NOT NULL AUTO_INCREMENT,
  `subscription_number` varchar(50) CHARACTER SET utf8 COLLATE utf8_unicode_ci NOT NULL,
  `name` varchar(100) NOT NULL,
  `mother_name` varchar(100) DEFAULT NULL,
  `father_name` varchar(100) DEFAULT NULL,
  `address` text DEFAULT NULL,
  `contact_no` varchar(12) DEFAULT NULL,
  `alternative_contact_no` varchar(12) DEFAULT NULL,
  `email` varchar(100) CHARACTER SET utf8 COLLATE utf8_unicode_ci DEFAULT NULL,
  `dob` date DEFAULT NULL,
  `national_id_no` bigint(20) DEFAULT NULL,
  `occupation` varchar(50) DEFAULT NULL,
  `organization` varchar(255) DEFAULT NULL,
  `volunteer` enum('Yes','No') DEFAULT NULL,
  `is_active` enum('Yes','No') DEFAULT 'Yes',
  `created_at` datetime DEFAULT NULL,
  `event_id` int(11) DEFAULT NULL,
  `bkash_ref_no` varchar(20) DEFAULT NULL,
  PRIMARY KEY (`id`)
) ENGINE=InnoDB DEFAULT CHARSET=latin1;

-- ----------------------------
-- Records of study_circle
-- ----------------------------

-- ----------------------------
-- Table structure for users
-- ----------------------------
DROP TABLE IF EXISTS `users`;
CREATE TABLE `users` (
  `id` int(11) unsigned NOT NULL AUTO_INCREMENT,
  `ip_address` varchar(45) NOT NULL,
  `username` varchar(100) DEFAULT NULL,
  `password` varchar(255) NOT NULL,
  `email` varchar(254) NOT NULL,
  `activation_selector` varchar(255) DEFAULT NULL,
  `activation_code` varchar(255) DEFAULT NULL,
  `forgotten_password_selector` varchar(255) DEFAULT NULL,
  `forgotten_password_code` varchar(255) DEFAULT NULL,
  `forgotten_password_time` int(11) unsigned DEFAULT NULL,
  `remember_selector` varchar(255) DEFAULT NULL,
  `remember_code` varchar(255) DEFAULT NULL,
  `created_on` int(11) unsigned NOT NULL,
  `last_login` int(11) unsigned DEFAULT NULL,
  `active` tinyint(1) unsigned DEFAULT NULL,
  `first_name` varchar(50) DEFAULT NULL,
  `last_name` varchar(50) DEFAULT NULL,
  `company` varchar(100) DEFAULT NULL,
  `phone` varchar(20) DEFAULT NULL,
  PRIMARY KEY (`id`) USING BTREE,
  UNIQUE KEY `uc_email` (`email`) USING BTREE,
  UNIQUE KEY `uc_activation_selector` (`activation_selector`) USING BTREE,
  UNIQUE KEY `uc_forgotten_password_selector` (`forgotten_password_selector`) USING BTREE,
  UNIQUE KEY `uc_remember_selector` (`remember_selector`) USING BTREE
) ENGINE=InnoDB AUTO_INCREMENT=3 DEFAULT CHARSET=utf8 ROW_FORMAT=DYNAMIC;

-- ----------------------------
-- Records of users
-- ----------------------------
INSERT INTO `users` VALUES ('1', '127.0.0.1', 'administrator', '$2y$12$hrZwxV6VW7TTghlJ1Uxs2udlrdVmp2aoYK5BcoPS0w1CV/3BT2Wdq', 'admin@admin.com', null, '', null, null, null, null, null, '1268889823', '1604421468', '1', 'Admin', 'istrator', 'ADMIN', '0');
INSERT INTO `users` VALUES ('2', '127.0.0.1', 'Test User', '$2y$10$kiuGxc1ZlE.N5DVhs13SOO9l9DhQSzMIQTfvYp03ebdAwIUKYHbvi', 'user@user.com', null, null, null, null, null, null, null, '0', '1582887951', '1', null, null, null, null);

-- ----------------------------
-- Table structure for users_groups
-- ----------------------------
DROP TABLE IF EXISTS `users_groups`;
CREATE TABLE `users_groups` (
  `id` int(11) unsigned NOT NULL AUTO_INCREMENT,
  `user_id` int(11) unsigned NOT NULL,
  `group_id` mediumint(8) unsigned NOT NULL,
  PRIMARY KEY (`id`) USING BTREE,
  UNIQUE KEY `uc_users_groups` (`user_id`,`group_id`) USING BTREE,
  KEY `fk_users_groups_users1_idx` (`user_id`) USING BTREE,
  KEY `fk_users_groups_groups1_idx` (`group_id`) USING BTREE,
  CONSTRAINT `fk_users_groups_groups1` FOREIGN KEY (`group_id`) REFERENCES `groups` (`id`) ON DELETE CASCADE ON UPDATE NO ACTION,
  CONSTRAINT `fk_users_groups_users1` FOREIGN KEY (`user_id`) REFERENCES `users` (`id`) ON DELETE CASCADE ON UPDATE NO ACTION
) ENGINE=InnoDB AUTO_INCREMENT=3 DEFAULT CHARSET=utf8 ROW_FORMAT=DYNAMIC;

-- ----------------------------
-- Records of users_groups
-- ----------------------------
INSERT INTO `users_groups` VALUES ('1', '1', '1');
INSERT INTO `users_groups` VALUES ('2', '2', '2');
